{
    "LOC": 0.13258863426163822,
    "LFL": 0.057952466027827346,
    "UFL": 0.3674113657383618,
    "Tmax": 2980.58
}