{
    "LOC": 0.11122189896852691,
    "LFL": 0.054933139081117625,
    "UFL": 0.4700000000000001,
    "Tmax": 3021.73
}