{
    "LOC": 0.15469038946483615,
    "LFL": 0.046138712904301445,
    "UFL": 0.26,
    "Tmax": 3145.52
}