{
    "LOC": 0.1341760082463599,
    "LFL": 0.09221037037037053,
    "UFL": 0.3599999999999999,
    "Tmax": 2693.71
}