{
    "LOC": 0.15978798586572435,
    "LFL": 0.04736018391617665,
    "UFL": 0.2399999999999999,
    "Tmax": 3031.27
}