{
    "LOC": 0.1710522438044207,
    "LFL": 0.04496354387452285,
    "UFL": 0.18894775619557938,
    "Tmax": 3022.38
}