{
    "LOC": 0.16296753109846077,
    "LFL": 0.042496233866699124,
    "UFL": 0.22000000000000014,
    "Tmax": 3067.18
}