{
    "LOC": 0.15707229778095924,
    "LFL": 0.05495843069064809,
    "UFL": 0.24999999999999994,
    "Tmax": 2893.09
}