{
    "LOC": 0.15084066857877534,
    "LFL": 0.052978272390037044,
    "UFL": 0.27915933142122457,
    "Tmax": 2918.77
}