{
    "LOC": 0.1600000000000001,
    "LFL": 0.05626084074462782,
    "UFL": 0.2337622094981474,
    "Tmax": 2876.55
}