{
    "LOC": 0.15740494647471392,
    "LFL": 0.05489439105174578,
    "UFL": 0.2525950535252859,
    "Tmax": 2893.91
}