{
    "LOC": 0.16668149739183777,
    "LFL": 0.05972951150585368,
    "UFL": 0.20331850260816217,
    "Tmax": 2834.58
}