{
    "LOC": 0.0987508759635599,
    "LFL": 0.04642442247151155,
    "UFL": 0.53,
    "Tmax": 3016.26
}