{
    "LOC": 0.15437568389057754,
    "LFL": 0.054135520301156224,
    "UFL": 0.26,
    "Tmax": 2903.68
}