{
    "LOC": 0.0933621449991178,
    "LFL": 0.046134357344632525,
    "UFL": 0.5566378550008823,
    "Tmax": 3021.13
}