{
    "LOC": 0.1586348720192519,
    "LFL": 0.04113641793421986,
    "UFL": 0.24999999999999994,
    "Tmax": 3093.42
}