{
    "LOC": 0.1585113402061854,
    "LFL": 0.04136200143873377,
    "UFL": 0.2414886597938144,
    "Tmax": 3089
}