{
    "LOC": 0.171548332807405,
    "LFL": 0.0533510102349259,
    "UFL": 0.17999999999999994,
    "Tmax": 2880.57
}