{
    "LOC": 0.14559290516378204,
    "LFL": 0.061619251753702364,
    "UFL": 0.30999999999999994,
    "Tmax": 2804.51
}