{
    "LOC": 0.14434602175157424,
    "LFL": 0.06142671938808588,
    "UFL": 0.30999999999999994,
    "Tmax": 2806.5
}