{
    "LOC": 0.16754528777803232,
    "LFL": 0.074693828925423,
    "UFL": 0.20000000000000004,
    "Tmax": 2681.96
}