{
    "LOC": 0.1672143679105703,
    "LFL": 0.038672471629434046,
    "UFL": 0.2027856320894295,
    "Tmax": 3029.8
}