{
    "LOC": 0.08567608004488497,
    "LFL": 0.0402389064817412,
    "UFL": 0.59,
    "Tmax": 3082.98
}