{
    "LOC": 0.17331316623451468,
    "LFL": 0.04048989113530319,
    "UFL": 0.17668683376548538,
    "Tmax": 2993.67
}