{
    "LOC": 0.14511534712444468,
    "LFL": 0.04475784579620307,
    "UFL": 0.3048846528755552,
    "Tmax": 3004.92
}