{
    "LOC": 0.16290415565697794,
    "LFL": 0.07059040024536103,
    "UFL": 0.22000000000000014,
    "Tmax": 2717.38
}