{
    "LOC": 0.15488613433266063,
    "LFL": 0.04648456162080853,
    "UFL": 0.2651138656673393,
    "Tmax": 2977.3
}