{
    "LOC": 0.17209585492227988,
    "LFL": 0.040264579256359984,
    "UFL": 0.1779041450777201,
    "Tmax": 3065.89
}