{
    "LOC": 0.16665838894924712,
    "LFL": 0.050539962304518245,
    "UFL": 0.20334161105075288,
    "Tmax": 2917.05
}