{
    "LOC": 0.17669409875551956,
    "LFL": 0.05696303696303706,
    "UFL": 0.16000000000000014,
    "Tmax": 2836.14
}