{
    "LOC": 0.16305417678741133,
    "LFL": 0.037764425531914975,
    "UFL": 0.22000000000000014,
    "Tmax": 3118.22
}