{
    "LOC": 0.16725646585101425,
    "LFL": 0.05067663417870078,
    "UFL": 0.20274353414898566,
    "Tmax": 2915.24
}