{
    "LOC": 0.17276883079367356,
    "LFL": 0.04039146779993446,
    "UFL": 0.1772311692063262,
    "Tmax": 2995.41
}