{
    "LOC": 0.1700000000000001,
    "LFL": 0.07854715587293767,
    "UFL": 0.18360746832629457,
    "Tmax": 2649.5
}