{
    "LOC": 0.10822950198825992,
    "LFL": 0.03685636572863256,
    "UFL": 0.4817704980117402,
    "Tmax": 3044.79
}