{
    "LOC": 0.17000000000000007,
    "LFL": 0.04465512637949451,
    "UFL": 0.19778253883235125,
    "Tmax": 2907.09
}