{
    "LOC": 0.13389328642626813,
    "LFL": 0.03829428438161516,
    "UFL": 0.3661067135737318,
    "Tmax": 3015.57
}