{
    "LOC": 0.17025578080456114,
    "LFL": 0.035100777759390946,
    "UFL": 0.19974421919543867,
    "Tmax": 3067.62
}