{
    "LOC": 0.17614542331639577,
    "LFL": 0.04805996720543432,
    "UFL": 0.16385457668360429,
    "Tmax": 2855.96
}