{
    "LOC": 0.16409071311546078,
    "LFL": 0.034203757366587526,
    "UFL": 0.2159092868845393,
    "Tmax": 3087.63
}