{
    "LOC": 0.17408667388949062,
    "LFL": 0.04752463283138122,
    "UFL": 0.16591332611050927,
    "Tmax": 2863.84
}