{
    "LOC": 0.17256968641114961,
    "LFL": 0.03614377979914114,
    "UFL": 0.1774303135888503,
    "Tmax": 3045.17
}