{
    "LOC": 0.016082964977898843,
    "LFL": 0.03494731897188125,
    "UFL": 0.9239170350221013,
    "Tmax": 3085.5
}