{
    "LOC": 0.16680006601204697,
    "LFL": 0.034745712596096906,
    "UFL": 0.20319993398795297,
    "Tmax": 3075.61
}