{
    "LOC": 0.0993955349620894,
    "LFL": 0.036514511325067646,
    "UFL": 0.53,
    "Tmax": 3051.89
}