{
    "LOC": 0.16934198710098783,
    "LFL": 0.03500511973575563,
    "UFL": 0.20065801289901228,
    "Tmax": 3069.78
}