{
    "LOC": 0.17494783797395477,
    "LFL": 0.04774632781534157,
    "UFL": 0.16505216202604517,
    "Tmax": 2860.57
}