{
    "LOC": 0.1066102021174207,
    "LFL": 0.036783898600181074,
    "UFL": 0.49338979788257936,
    "Tmax": 3046.29
}