{
    "LOC": 0.03366695932104168,
    "LFL": 0.035147574123989125,
    "UFL": 0.8400000000000003,
    "Tmax": 3081.12
}