{
    "LOC": 0.06000000000000018,
    "LFL": 0.035541518084564426,
    "UFL": 0.7125423728813554,
    "Tmax": 3072.54
}