{
    "LOC": 0.17593104391845657,
    "LFL": 0.03713457556935804,
    "UFL": 0.16406895608154343,
    "Tmax": 3024.25
}