{
    "LOC": 0.16398968407479034,
    "LFL": 0.042934547030775795,
    "UFL": 0.22000000000000014,
    "Tmax": 2934.17
}