{
    "LOC": 0.17464462809917347,
    "LFL": 0.036424174403972394,
    "UFL": 0.1753553719008265,
    "Tmax": 3039.21
}