{
    "LOC": 0.17377645594134716,
    "LFL": 0.036804908143679815,
    "UFL": 0.16622354405865283,
    "Tmax": 3031.17
}