{
    "LOC": 0.17999999999999977,
    "LFL": 0.03875788798174617,
    "UFL": 0.1466697038724375,
    "Tmax": 2991.43
}