{
    "LOC": 0.17559518356128526,
    "LFL": 0.03769518026035652,
    "UFL": 0.15440481643871476,
    "Tmax": 3012.59
}