{
    "LOC": 0.17544763900713847,
    "LFL": 0.03766952699874424,
    "UFL": 0.15455236099286132,
    "Tmax": 3013.12
}