{
    "LOC": 0.02317528296115045,
    "LFL": 0.03502302134095119,
    "UFL": 0.8899999999999999,
    "Tmax": 3083.84
}