{
    "LOC": 0.1774814512286433,
    "LFL": 0.04316556119131226,
    "UFL": 0.1525185487713568,
    "Tmax": 2903.81
}