{
    "LOC": 0.16999999999999998,
    "LFL": 0.03194192145324291,
    "UFL": 0.19328921430582924,
    "Tmax": 3049.22
}