{
    "LOC": 0.1700000000000001,
    "LFL": 0.03230333097094261,
    "UFL": 0.1819958473916429,
    "Tmax": 3041.14
}