{
    "LOC": 0.1783829181494659,
    "LFL": 0.034372649113380005,
    "UFL": 0.15161708185053407,
    "Tmax": 2995.79
}