{
    "LOC": 0.17679609471439783,
    "LFL": 0.042382727155892516,
    "UFL": 0.16000000000000014,
    "Tmax": 2916.05
}