{
    "LOC": 0.17391942512040365,
    "LFL": 0.03323125902586315,
    "UFL": 0.16608057487959652,
    "Tmax": 3020.59
}