{
    "LOC": 0.18838051170386483,
    "LFL": 0.032052790392880046,
    "UFL": 0.1099999999999999,
    "Tmax": 3089.66
}