{
    "LOC": 0.18346078750406766,
    "LFL": 0.036894284442313546,
    "UFL": 0.1265392124959322,
    "Tmax": 2999.21
}