{
    "LOC": 0.16939354838709683,
    "LFL": 0.03170948333492523,
    "UFL": 0.20000000000000004,
    "Tmax": 3054.45
}