{
    "LOC": 0.17465404552625632,
    "LFL": 0.056083785518408306,
    "UFL": 0.1653459544737438,
    "Tmax": 2748.3
}