{
    "LOC": 0.18587147989338274,
    "LFL": 0.03748680644701168,
    "UFL": 0.12412852010661728,
    "Tmax": 2932.56
}