{
    "LOC": 0.17999999999999985,
    "LFL": 0.034907532854626756,
    "UFL": 0.145849591462398,
    "Tmax": 2984.87
}