{
    "LOC": 0.17999999999999997,
    "LFL": 0.036122930621594454,
    "UFL": 0.1302299355594609,
    "Tmax": 2959.92
}