{
    "LOC": 0.17228698105602563,
    "LFL": 0.03262458256330453,
    "UFL": 0.17771301894397407,
    "Tmax": 3033.99
}