{
    "LOC": 0.18079766536964972,
    "LFL": 0.0353853049570038,
    "UFL": 0.14000000000000004,
    "Tmax": 3030.19
}