{
    "LOC": 0.17103249037012197,
    "LFL": 0.05275589225589228,
    "UFL": 0.18896750962987782,
    "Tmax": 2787.38
}