{
    "LOC": 0.1698297433251645,
    "LFL": 0.03173684545802016,
    "UFL": 0.20000000000000004,
    "Tmax": 3053.83
}