{
    "LOC": 0.17817812611328804,
    "LFL": 0.03434147814996305,
    "UFL": 0.15182187388671176,
    "Tmax": 2996.44
}