{
    "LOC": 0.1850096496871161,
    "LFL": 0.033576702485332045,
    "UFL": 0.12499035031288369,
    "Tmax": 2984.09
}