{
    "LOC": 0.1633304894955743,
    "LFL": 0.034078853775022955,
    "UFL": 0.22666951050442558,
    "Tmax": 2986.61
}