{
    "LOC": 0.17819095477386918,
    "LFL": 0.03846856133117337,
    "UFL": 0.1500000000000001,
    "Tmax": 2901.48
}