{
    "LOC": 0.18511475767322674,
    "LFL": 0.03463032013168063,
    "UFL": 0.11488524232677318,
    "Tmax": 2962.46
}