{
    "LOC": 0.18644273299682584,
    "LFL": 0.028789583172817924,
    "UFL": 0.11355726700317406,
    "Tmax": 3083.53
}