{
    "LOC": 0.17411373538179298,
    "LFL": 0.030166692248657034,
    "UFL": 0.16588626461820713,
    "Tmax": 3058.72
}