{
    "LOC": 0.18341350983984403,
    "LFL": 0.03326094788903083,
    "UFL": 0.12658649016015597,
    "Tmax": 2990.8
}