{
    "LOC": 0.17999999999999988,
    "LFL": 0.04054519554519546,
    "UFL": 0.13019169329073488,
    "Tmax": 2864.8
}