{
    "LOC": 0.1710743494423792,
    "LFL": 0.02953688003391276,
    "UFL": 0.17999999999999994,
    "Tmax": 3074.86
}