{
    "LOC": 0.15256628635706235,
    "LFL": 0.032751872751872795,
    "UFL": 0.2700000000000001,
    "Tmax": 3014.07
}