{
    "LOC": 0.17524750146972357,
    "LFL": 0.0304851509703022,
    "UFL": 0.16000000000000014,
    "Tmax": 3051.42
}