{
    "LOC": 0.18522387330139814,
    "LFL": 0.02942444914921997,
    "UFL": 0.10477612669860174,
    "Tmax": 3066.22
}