{
    "LOC": 0.17543931541521005,
    "LFL": 0.03009599704624496,
    "UFL": 0.1700000000000002,
    "Tmax": 3060.36
}