{
    "LOC": 0.1599999999999999,
    "LFL": 0.03377407407407406,
    "UFL": 0.23137411347517725,
    "Tmax": 2992.83
}