{
    "LOC": 0.18389894161829964,
    "LFL": 0.03072515781715661,
    "UFL": 0.11999999999999995,
    "Tmax": 2974.13
}