{
    "LOC": 0.18893011946294536,
    "LFL": 0.027062076524511848,
    "UFL": 0.1099999999999999,
    "Tmax": 3057.44
}