{
    "LOC": 0.1889120677343668,
    "LFL": 0.027803097739006827,
    "UFL": 0.10108793226563292,
    "Tmax": 3036.75
}