{
    "LOC": 0.1792810051001367,
    "LFL": 0.02865345648798728,
    "UFL": 0.1500000000000001,
    "Tmax": 3024.87
}