{
    "LOC": 0.18088606103452337,
    "LFL": 0.029726479987001234,
    "UFL": 0.13,
    "Tmax": 2996.71
}