{
    "LOC": 0.17546546943087268,
    "LFL": 0.027766047622717397,
    "UFL": 0.1700000000000002,
    "Tmax": 3048.85
}