{
    "LOC": 0.17537762679728208,
    "LFL": 0.02825155530103889,
    "UFL": 0.15462237320271788,
    "Tmax": 3035.67
}