{
    "LOC": 0.1859821288603229,
    "LFL": 0.027305242036619062,
    "UFL": 0.10401787113967695,
    "Tmax": 3050.47
}