{
    "LOC": 0.18999999999999995,
    "LFL": 0.02658798498122661,
    "UFL": 0.09314480059634733,
    "Tmax": 3006.31
}