{
    "LOC": 0.1929407134275177,
    "LFL": 0.020013327410040138,
    "UFL": 0.0770592865724822,
    "Tmax": 3068.25
}