{
    "LOC": 0.13268264270261276,
    "LFL": 0.03363768161618722,
    "UFL": 0.3699999999999999,
    "Tmax": 3176.96
}