{
    "LOC": 0.1535379464285714,
    "LFL": 0.03525577154765409,
    "UFL": 0.2700000000000001,
    "Tmax": 3132.95
}