{
    "LOC": 0.11560892282958189,
    "LFL": 0.032974988348609555,
    "UFL": 0.44999999999999996,
    "Tmax": 3196.45
}