{
    "LOC": 0.17607257332930143,
    "LFL": 0.030055291091333942,
    "UFL": 0.15392742667069856,
    "Tmax": 3135.97
}