{
    "LOC": 0.17642753710631104,
    "LFL": 0.030099730697523124,
    "UFL": 0.1535724628936889,
    "Tmax": 3134.71
}