{
    "LOC": 0.1806784530386739,
    "LFL": 0.028613468727897606,
    "UFL": 0.13932154696132587,
    "Tmax": 3140.72
}