{
    "LOC": 0.17000000000000007,
    "LFL": 0.03165584516449733,
    "UFL": 0.18241167084568038,
    "Tmax": 3070.28
}