{
    "LOC": 0.18102127425044087,
    "LFL": 0.02865456108849043,
    "UFL": 0.13897872574955922,
    "Tmax": 3139.44
}