{
    "LOC": 0.17772442054040188,
    "LFL": 0.0336483118060276,
    "UFL": 0.15227557945959813,
    "Tmax": 3023.82
}