{
    "LOC": 0.16597769028871381,
    "LFL": 0.030762119779113438,
    "UFL": 0.20402230971128607,
    "Tmax": 3092.38
}