{
    "LOC": 0.17575837970751884,
    "LFL": 0.03335671536134878,
    "UFL": 0.15424162029248104,
    "Tmax": 3030.32
}