{
    "LOC": 0.15999999999999998,
    "LFL": 0.02977791844701192,
    "UFL": 0.23810414374770794,
    "Tmax": 3118.21
}