{
    "LOC": 0.16697254165688796,
    "LFL": 0.030671214520648166,
    "UFL": 0.21000000000000008,
    "Tmax": 3094.67
}