{
    "LOC": 0.16502170397480628,
    "LFL": 0.03044934962554223,
    "UFL": 0.21497829602519364,
    "Tmax": 3100.27
}