{
    "LOC": 0.18474823346130306,
    "LFL": 0.02744147864374748,
    "UFL": 0.1252517665386968,
    "Tmax": 3084.36
}