{
    "LOC": 0.18245636134604992,
    "LFL": 0.026660261711339332,
    "UFL": 0.13754363865394992,
    "Tmax": 3108.71
}