{
    "LOC": 0.18632004116285053,
    "LFL": 0.028337628537164313,
    "UFL": 0.11367995883714928,
    "Tmax": 3057.36
}