{
    "LOC": 0.18036694320357374,
    "LFL": 0.02642644891648364,
    "UFL": 0.14000000000000004,
    "Tmax": 3116.11
}