{
    "LOC": 0.1824203515929681,
    "LFL": 0.02665645216207033,
    "UFL": 0.13757964840703193,
    "Tmax": 3108.83
}