{
    "LOC": 0.18000000000000005,
    "LFL": 0.02628389269818382,
    "UFL": 0.1430424674519528,
    "Tmax": 3120.76
}