{
    "LOC": 0.18099596088435368,
    "LFL": 0.026463034172531468,
    "UFL": 0.14000000000000004,
    "Tmax": 3114.94
}