{
    "LOC": 0.184985224421522,
    "LFL": 0.025463368889930883,
    "UFL": 0.12501477557847782,
    "Tmax": 3117.65
}