{
    "LOC": 0.18598663073893662,
    "LFL": 0.02616594074570459,
    "UFL": 0.11401336926106322,
    "Tmax": 3095.35
}