{
    "LOC": 0.18704543285291583,
    "LFL": 0.02707931983487345,
    "UFL": 0.1029545671470838,
    "Tmax": 3067.83
}