{
    "LOC": 0.18423061389337644,
    "LFL": 0.025678290001415572,
    "UFL": 0.11999999999999995,
    "Tmax": 3110.79
}