{
    "LOC": 0.1860659207741153,
    "LFL": 0.025798096500781433,
    "UFL": 0.11999999999999995,
    "Tmax": 3106.98
}