{
    "LOC": 0.18314186340640812,
    "LFL": 0.030155586548892017,
    "UFL": 0.11999999999999995,
    "Tmax": 2994.83
}