{
    "LOC": 0.18491057879904615,
    "LFL": 0.03079884534529835,
    "UFL": 0.11508942120095367,
    "Tmax": 2980.31
}