{
    "LOC": 0.1539474862002089,
    "LFL": 0.025037026621672467,
    "UFL": 0.2700000000000001,
    "Tmax": 3142.34
}