{
    "LOC": 0.18561787439613536,
    "LFL": 0.02684287597012743,
    "UFL": 0.1043821256038645,
    "Tmax": 3074.79
}