{
    "LOC": 0.18419270072992683,
    "LFL": 0.0298227834526395,
    "UFL": 0.1258072992700731,
    "Tmax": 3003.02
}