{
    "LOC": 0.18615257048092843,
    "LFL": 0.02500070744705963,
    "UFL": 0.10384742951907133,
    "Tmax": 3057.35
}