{
    "LOC": 0.18999999999999986,
    "LFL": 0.025762805833433853,
    "UFL": 0.09794444444444435,
    "Tmax": 3034.06
}