{
    "LOC": 0.1899999999999998,
    "LFL": 0.02576835913014126,
    "UFL": 0.09788356471115096,
    "Tmax": 3033.9
}