{
    "LOC": 0.18623279238947946,
    "LFL": 0.024363467993980863,
    "UFL": 0.11376720761052048,
    "Tmax": 3077.2
}