{
    "LOC": 0.184105504587156,
    "LFL": 0.023897948928783767,
    "UFL": 0.11999999999999995,
    "Tmax": 3092.06
}