{
    "LOC": 0.1870783395915847,
    "LFL": 0.025135173523981102,
    "UFL": 0.10292166040841509,
    "Tmax": 3053.21
}