{
    "LOC": 0.1918122494242087,
    "LFL": 0.026943807339449805,
    "UFL": 0.0881877505757914,
    "Tmax": 2999.7
}