{
    "LOC": 0.1929747827929644,
    "LFL": 0.025217185353607202,
    "UFL": 0.08702521720703545,
    "Tmax": 3029.12
}