{
    "LOC": 0.18566754702743474,
    "LFL": 0.026979345088161428,
    "UFL": 0.10433245297256506,
    "Tmax": 2989.43
}