{
    "LOC": 0.1870981367897233,
    "LFL": 0.026446705546594066,
    "UFL": 0.1129018632102765,
    "Tmax": 3004.03
}