{
    "LOC": 0.18999999999999986,
    "LFL": 0.027905726690097332,
    "UFL": 0.09820877598152414,
    "Tmax": 2964.51
}