{
    "LOC": 0.17683064309505503,
    "LFL": 0.023895468291894865,
    "UFL": 0.16000000000000014,
    "Tmax": 3079.13
}