{
    "LOC": 0.19480048367593705,
    "LFL": 0.022661237785016393,
    "UFL": 0.08000000000000007,
    "Tmax": 3099.66
}