{
    "LOC": 0.19170615503476682,
    "LFL": 0.024966845372460546,
    "UFL": 0.08829384496523311,
    "Tmax": 3036.69
}