{
    "LOC": 0.18999999999999986,
    "LFL": 0.024447893261680544,
    "UFL": 0.09213831615120296,
    "Tmax": 3052.56
}