{
    "LOC": 0.18999999999999997,
    "LFL": 0.02288438940612877,
    "UFL": 0.0911141477635055,
    "Tmax": 3038.52
}