{
    "LOC": 0.1871566517684711,
    "LFL": 0.021875233552414813,
    "UFL": 0.1028433482315289,
    "Tmax": 3070.76
}