{
    "LOC": 0.19231977088682595,
    "LFL": 0.02101821806536456,
    "UFL": 0.08000000000000007,
    "Tmax": 3090.68
}