{
    "LOC": 0.19152040600549777,
    "LFL": 0.023085925959593714,
    "UFL": 0.09000000000000012,
    "Tmax": 3032.17
}