{
    "LOC": 0.19098908657373423,
    "LFL": 0.02314070466132581,
    "UFL": 0.08901091342626585,
    "Tmax": 3030.44
}