{
    "LOC": 0.1925152089752705,
    "LFL": 0.021299666752114834,
    "UFL": 0.07748479102472942,
    "Tmax": 3081.02
}