{
    "LOC": 0.19533688099217147,
    "LFL": 0.023921034875875602,
    "UFL": 0.08466311900782848,
    "Tmax": 3006.16
}