{
    "LOC": 0.18456412061480695,
    "LFL": 0.020893897840247047,
    "UFL": 0.11999999999999995,
    "Tmax": 3103.35
}