{
    "LOC": 0.1923455393110938,
    "LFL": 0.02337342497136309,
    "UFL": 0.08765446068890595,
    "Tmax": 3023.15
}