{
    "LOC": 0.19846800592674255,
    "LFL": 0.016886914816602542,
    "UFL": 0.06153199407325743,
    "Tmax": 3085.83
}