{
    "LOC": 0.19793160909564306,
    "LFL": 0.01680872165537134,
    "UFL": 0.06206839090435702,
    "Tmax": 3089.52
}