{
    "LOC": 0.1975542629217217,
    "LFL": 0.01756058806287895,
    "UFL": 0.062445737078278114,
    "Tmax": 3105.62
}