{
    "LOC": 0.19529450950143729,
    "LFL": 0.01908009305417106,
    "UFL": 0.06470549049856254,
    "Tmax": 3044.65
}