{
    "LOC": 0.1968235335589394,
    "LFL": 0.01665259546539381,
    "UFL": 0.06317646644106044,
    "Tmax": 3096.94
}