{
    "LOC": 0.19399843086908433,
    "LFL": 0.018861130311708076,
    "UFL": 0.06600156913091544,
    "Tmax": 3054.22
}