{
    "LOC": 0.1950776119402983,
    "LFL": 0.018525911272538793,
    "UFL": 0.07000000000000002,
    "Tmax": 3069.03
}