{
    "LOC": 0.1973195154400951,
    "LFL": 0.016721588698333033,
    "UFL": 0.06268048455990467,
    "Tmax": 3093.65
}