{
    "LOC": 0.19718660119256406,
    "LFL": 0.01670295001569974,
    "UFL": 0.0628133988074359,
    "Tmax": 3094.54
}