{
    "LOC": 0.18492034341857577,
    "LFL": 0.022684720614091713,
    "UFL": 0.10507965658142406,
    "Tmax": 3175.07
}