{
    "LOC": 0.1899999999999997,
    "LFL": 0.020858796103571886,
    "UFL": 0.09346688741721873,
    "Tmax": 3134.89
}