{
    "LOC": 0.18999999999999978,
    "LFL": 0.02062224521469214,
    "UFL": 0.09694171857667044,
    "Tmax": 3144.03
}