{
    "LOC": 0.19644646758922044,
    "LFL": 0.018241031549375977,
    "UFL": 0.07355353241077948,
    "Tmax": 3150.13
}