{
    "LOC": 0.195254842385112,
    "LFL": 0.02016687281189091,
    "UFL": 0.07474515761488813,
    "Tmax": 3072.24
}