{
    "LOC": 0.19366565743944608,
    "LFL": 0.019179787744830194,
    "UFL": 0.08633434256055385,
    "Tmax": 3114.43
}