{
    "LOC": 0.19518990036617537,
    "LFL": 0.01935222874683051,
    "UFL": 0.08481009963382449,
    "Tmax": 3106.56
}