{
    "LOC": 0.19364498277930423,
    "LFL": 0.019909595830129034,
    "UFL": 0.07635501722069586,
    "Tmax": 3082.32
}