{
    "LOC": 0.1940217307544115,
    "LFL": 0.01995192636693363,
    "UFL": 0.07597826924558844,
    "Tmax": 3080.01
}