{
    "LOC": 0.1971373344930896,
    "LFL": 0.017684875972724858,
    "UFL": 0.07000000000000002,
    "Tmax": 3117.68
}