{
    "LOC": 0.19493413405656715,
    "LFL": 0.017575144106693166,
    "UFL": 0.07000000000000002,
    "Tmax": 3123.08
}