{
    "LOC": 0.19915107577174923,
    "LFL": 0.014479099069868145,
    "UFL": 0.050848924228250714,
    "Tmax": 3107.26
}