{
    "LOC": 0.1999999999999999,
    "LFL": 0.014861620222116447,
    "UFL": 0.05959050445103861,
    "Tmax": 3148.28
}