{
    "LOC": 0.19831023102310222,
    "LFL": 0.01475502291152625,
    "UFL": 0.05999999999999998,
    "Tmax": 3154.52
}