{
    "LOC": 0.12125163970266706,
    "LFL": 0.1972981700753498,
    "UFL": 0.42000000000000015,
    "Tmax": 2472.85
}