{
    "LOC": 0.11595212079070237,
    "LFL": 0.08670139711105866,
    "UFL": 0.44999999999999996,
    "Tmax": 2994.51
}