{
    "LOC": 0.15784871616932689,
    "LFL": 0.08626071608673731,
    "UFL": 0.24215128383067308,
    "Tmax": 2819.09
}