{
    "LOC": 0.13724093403637153,
    "LFL": 0.1368364693284383,
    "UFL": 0.34275906596362854,
    "Tmax": 2544.79
}