{
    "LOC": 0.14800407873736457,
    "LFL": 0.07888188976377958,
    "UFL": 0.29199592126263546,
    "Tmax": 2881.67
}