{
    "LOC": 0.17484137219499593,
    "LFL": 0.056057994524992306,
    "UFL": 0.1700000000000002,
    "Tmax": 3055.59
}