{
    "LOC": 0.13767152058246976,
    "LFL": 0.06073989084594407,
    "UFL": 0.35000000000000014,
    "Tmax": 2931.62
}