{
    "LOC": 0.023694477791116473,
    "LFL": 0.07622849827986229,
    "UFL": 0.8863055222088835,
    "Tmax": 2800.33
}