{
    "LOC": 0.11833842128216299,
    "LFL": 0.05765348189415044,
    "UFL": 0.43166157871783706,
    "Tmax": 2969.46
}