{
    "LOC": 0.1437101541059742,
    "LFL": 0.2681976744186046,
    "UFL": 0.31628984589402576,
    "Tmax": 2100.44
}