{
    "LOC": 0.15999999999999992,
    "LFL": 0.0698868219071159,
    "UFL": 0.23093953764078234,
    "Tmax": 2919.25
}