{
    "LOC": 0.16683246277383637,
    "LFL": 0.06125876295055517,
    "UFL": 0.2031675372261636,
    "Tmax": 2882.34
}