{
    "LOC": 0.13000000000000003,
    "LFL": 0.0504331602037215,
    "UFL": 0.38272835112692766,
    "Tmax": 3017.8
}