{
    "LOC": 0.08341882153454852,
    "LFL": 0.06548919949174087,
    "UFL": 0.6,
    "Tmax": 2860.25
}