{
    "LOC": 0.11740582695703353,
    "LFL": 0.04911876343348419,
    "UFL": 0.4425941730429667,
    "Tmax": 3036.82
}