{
    "LOC": 0.17463095468316892,
    "LFL": 0.04759195276623662,
    "UFL": 0.17536904531683106,
    "Tmax": 3041.6
}