{
    "LOC": 0.06274805562102308,
    "LFL": 0.06399670619235842,
    "UFL": 0.6999999999999998,
    "Tmax": 2875.59
}