{
    "LOC": 0.14999999999999988,
    "LFL": 0.06493312900529381,
    "UFL": 0.28430709173715024,
    "Tmax": 2762.95
}