{
    "LOC": 0.1359994268519845,
    "LFL": 0.04463627931628464,
    "UFL": 0.35400057314801564,
    "Tmax": 2997.83
}