{
    "LOC": 0.15271912350597613,
    "LFL": 0.047329438284951765,
    "UFL": 0.2700000000000001,
    "Tmax": 2956.68
}