{
    "LOC": 0.13982695080916518,
    "LFL": 0.04504955775812261,
    "UFL": 0.3400000000000001,
    "Tmax": 2991.37
}