{
    "LOC": 0.17999999999999997,
    "LFL": 0.03931481685587273,
    "UFL": 0.1495661157024794,
    "Tmax": 2978.67
}