{
    "LOC": 0.15321990369181368,
    "LFL": 0.04155498319291033,
    "UFL": 0.2700000000000001,
    "Tmax": 2955.64
}