{
    "LOC": 0.1831210232020051,
    "LFL": 0.03752719863188162,
    "UFL": 0.1268789767979947,
    "Tmax": 2933.99
}