{
    "LOC": 0.12062702513354921,
    "LFL": 0.11988017917133247,
    "UFL": 0.42937297486645093,
    "Tmax": 2828.1
}